threshold,sensitivity,fpr,1-fpr,1-sens
inf,0.0,0.0,1.0,1.0
0.3903894,0.0,0.014285714285714285,0.9857142857142858,1.0
0.27716687,0.3333333333333333,0.014285714285714285,0.9857142857142858,0.6666666666666667
0.18985732,0.3333333333333333,0.08571428571428572,0.9142857142857143,0.6666666666666667
0.18137912,0.6666666666666666,0.11428571428571428,0.8857142857142857,0.33333333333333337
0.13096069,1.0,0.12857142857142856,0.8714285714285714,0.0
0.023471016,1.0,0.38571428571428573,0.6142857142857143,0.0
0.022944514,1.0,0.4142857142857143,0.5857142857142856,0.0
0.001098921,1.0,1.0,0.0,0.0
