threshold,sensitivity,fpr,1-fpr,1-sens
inf,0.0,0.0,1.0,1.0
0.5856646,0.0,0.02127659574468085,0.9787234042553191,1.0
0.277455,0.0,0.1702127659574468,0.8297872340425532,1.0
0.2440438,0.25,0.1702127659574468,0.8297872340425532,0.75
0.014299882,0.25,0.6382978723404256,0.36170212765957444,0.75
0.011978248,0.75,0.6382978723404256,0.36170212765957444,0.25
0.003262541,0.75,0.8297872340425532,0.17021276595744683,0.25
0.0031757895,1.0,0.8297872340425532,0.17021276595744683,0.0
0.0011151875,1.0,1.0,0.0,0.0
