actual,predicted
False,0.09238222
False,0.14947774
False,0.6458085
False,0.12425874
False,0.12314911
False,0.04147083
False,0.30468005
False,0.51726085
False,0.04232376
False,0.04232376
True,0.051918894
False,0.06192165
True,0.09767402
True,0.27156746
False,0.16602156
False,0.0375674
False,0.28669003
